--员工表
create table EMP
(
empno NUMBER(4) primary key,
ename VARCHAR2(10),
job VARCHAR2(9),
mgr NUMBER(4),
hiredate DATE,
sal NUMBER(7,2),
comm NUMBER(7,2),
deptno NUMBER(2)
);

insert into EMP (empno, ename, job, mgr, hiredate, sal, comm, deptno)
values (1, 'dog', 'code', 7369, to_date('05-06-2018', 'dd-mm-yyyy'), 5000, 5000, 10);
insert into EMP (empno, ename, job, mgr, hiredate, sal, comm, deptno)
values (7369, 'SMITH', 'CLERK', 7902, to_date('17-12-1980', 'dd-mm-yyyy'), 800, null, 20);
insert into EMP (empno, ename, job, mgr, hiredate, sal, comm, deptno)
values (7499, 'ALLEN', 'SALESMAN', 7698, to_date('20-02-1981', 'dd-mm-yyyy'), 1600, 300, 30);
insert into EMP (empno, ename, job, mgr, hiredate, sal, comm, deptno)
values (7521, 'WARD', 'SALESMAN', 7698, to_date('22-02-1981', 'dd-mm-yyyy'), 1250, 500, 30);
insert into EMP (empno, ename, job, mgr, hiredate, sal, comm, deptno)
values (7566, 'JONES', 'MANAGER', 7839, to_date('02-04-1981', 'dd-mm-yyyy'), 2975, null, 20);
insert into EMP (empno, ename, job, mgr, hiredate, sal, comm, deptno)
values (7654, 'MARTIN', 'SALESMAN', 7698, to_date('28-09-1981', 'dd-mm-yyyy'), 1250, 1400, 30);
insert into EMP (empno, ename, job, mgr, hiredate, sal, comm, deptno)
values (7698, 'BLAKE', 'MANAGER', 7839, to_date('01-05-1981', 'dd-mm-yyyy'), 2850, null, 30);
insert into EMP (empno, ename, job, mgr, hiredate, sal, comm, deptno)
values (7788, 'SCOTT', 'ANALYST', 7566, to_date('19-04-1987', 'dd-mm-yyyy'), 3000, null, 20);
insert into EMP (empno, ename, job, mgr, hiredate, sal, comm, deptno)
values (7839, 'KING', 'PRESIDENT', null, to_date('17-11-1981', 'dd-mm-yyyy'), 5000, null, 10);
insert into EMP (empno, ename, job, mgr, hiredate, sal, comm, deptno)
values (7844, 'TURNER', 'SALESMAN', 7698, to_date('08-09-1981', 'dd-mm-yyyy'), 1500, 0, 30);
insert into EMP (empno, ename, job, mgr, hiredate, sal, comm, deptno)
values (7876, 'ADAMS', 'CLERK', 7788, to_date('23-05-1987', 'dd-mm-yyyy'), 1100, null, 20);
insert into EMP (empno, ename, job, mgr, hiredate, sal, comm, deptno)
values (7900, 'JAMES', 'CLERK', 7698, to_date('03-12-1981', 'dd-mm-yyyy'), 950, null, 30);
insert into EMP (empno, ename, job, mgr, hiredate, sal, comm, deptno)
values (7902, 'FORD', 'ANALYST', 7566, to_date('03-12-1981', 'dd-mm-yyyy'), 3000, null, 20);
insert into EMP (empno, ename, job, mgr, hiredate, sal, comm, deptno)
values (7934, 'MILLER', 'CLERK', 7782, to_date('23-01-1982', 'dd-mm-yyyy'), 1300, null, 10);

--部门表
create table DEPT
(
deptno NUMBER(2) primary key,
dname VARCHAR2(14),
loc VARCHAR2(13)
);


insert into DEPT (deptno, dname, loc)
values (10, '财务', 'NEW YORK');
insert into DEPT (deptno, dname, loc)
values (20, '研发', 'DALLAS');
insert into DEPT (deptno, dname, loc)
values (30, '销售', 'CHICAGO');
insert into DEPT (deptno, dname, loc)
values (40, '运营', 'BOSTON');

--工资等级表
create table SALGRADE
(
GRADE NUMBER,
LOSAL NUMBER,
HISAL NUMBER
);
INSERT INTO SALGRADE VALUES (1,  700, 1200);
INSERT INTO SALGRADE VALUES (2, 1201, 1400);
INSERT INTO SALGRADE VALUES (3, 1401, 2000);
INSERT INTO SALGRADE VALUES (4, 2001, 3000);
INSERT INTO SALGRADE VALUES (5, 3001, 9999);

--奖金表
create table BOUNS
(
ENAME VARCHAR2(10),
JOB VARCHAR2(9),
SAL NUMBER,
COMM NUMBER
);
